eco,total_area_ha,area_surveyed,pct_tot_area,pct_area_surveyed
BAU,1961718.649,48959.74967,0.183106817,0.184820679
BUB,1335698.557,32409.60405,0.124674102,0.122344683
CAB,903504.8827,22298.14323,0.084333145,0.084174409
CHP,1659627.762,40603.79589,0.154909654,0.153277359
NAU,1815370.582,44694.02942,0.169446689,0.168717792
NEL,1677681.098,42012.15735,0.156594753,0.158593855
QUL,531340.719,12694.48774,0.049595342,0.047921075
WCU,828578.287,21232.10014,0.077339497,0.080150148
